joint,fastener,count
"12 SK20 supports: 4 Y on the base, 4 X on the wall, 4 Z on the carriage plate","M6 x 40 hex bolt, washer, pronged T-nut from the far face",24
"4 Y blocks under the deck, from above","M5 x 30 (or M6, as the block is tapped) into the block",16
"4 X blocks on the carriage plate's back, from its front face","M5 x 30 (or M6) into the block",16
"4 Z blocks on the support plate's back, from its front face; the lower pair countersunk, before the tool plate goes on","M5 x 30 (or M6) into the block",16
"Router clamp","M6 x 100 knob bolt, hex nut in the pocket",1
"Pilot clamp","M4 x 90 knob bolt, hex nut in the pocket",1
"Stop screw","M8 x 90 with a knob, through an M8 T-nut set into the top of the ear, an M8 jam nut above the ear",1
"Blank's slotted fence","M5 x 25 bolt and washer into a T-nut set into the platform from below, before the platform is screwed down",6
"Balancer bracket leg to the carriage plate","M6 x 40 bolt and T-nut",2
"Cable eye on the ear","M4 screw eye",1
"Balancer hook in the arm","an 8 mm S-hook or shackle",1
"Wall onto the deck's back edge, from below through the deck","no. 8 x 50 wood screw, every 100 mm, glued",9
"Gussets to the deck and the wall","no. 8 x 50 wood screw, 3 each way, glued",12
"Tool plate's two plies laminated","no. 8 x 32 wood screw, countersunk from below, clear of the bores",8
"Tool plate to the support plate, from behind","no. 8 x 50 wood screw, glued",4
"Webs to the support plate from behind and down into the tool plate","no. 8 x 50 wood screw, 2 each way, glued",12
"Stop ear to the support plate, from behind","no. 8 x 50 wood screw, glued",2
"Balancer bracket arm to its leg","no. 8 x 50 wood screw, glued",2
"Battens under the base","no. 8 x 32 wood screw from above, countersunk, every 150 mm, glued",18
"Platforms to the base, countersunk flush","no. 8 x 32 wood screw",12
"Pattern plate's L fence","no. 6 x 25 wood screw",6
