item,size,qty,note
"top skin","21 x 45 x 15/32 CDX",2,"one 4x8 sheet: two 21 in rips, each crosscut at 45 and 45"
"bottom skin","21 x 45 x 15/32 CDX, two 1-1/2 x 3 notches",2,"from the same sheet"
"rib","2x2 x 32.5",4,"outer lines, joint block to stubs"
"rib","2x2 x 26.5",4,"lug lines, lug to stubs"
"rib","2x2 x 41.5",2,"middle line, joint block to the skins' end"
"cross block","2x2 x 1.5",4,"between the outer and lug lines"
"cross block","2x2 x 4.5",4,"between the lug and middle lines"
"cross block","2x2 x 3",4,"between the middle and lug lines"
"cross block","2x2 x 3",4,"between the lug and outer lines"
"joint block","2x4 flat x 21",2,""
"stub","2x8 x 12",4,"3 in bare past the skins"
"rail","3/4 birch, 45 x 3.375, lug profile",4,"two flush, two on spacers"
"lug cheek","3/4 birch, 6 x 2, lug profile",4,"inside the flush rail, outside the spaced one"
"rail spacer","3/4 birch, 45 x 2.375",2,""
"interior lug","3/4 birch, 9.5 x 4, two laminated",8,"4 lugs of 2 plies"
"hinge pipe","3/4 Sch 40 galvanized, 26, threaded both ends",1,"with two caps"
"ground angle","1/8 x 1 aluminium angle x 21",1,"over the bevel"
