kind,item,size,qty,note
wood,"base","3/4 birch ply, 16 x 14.5",1,"the rod runs left to right across it"
wood,"cheek","3/4 birch ply, 3 x 7.17, round top",4,"glued in pairs to 1-1/2; 1/2 in hole through each pair at the round's centre, then glued and screwed to the base from below"
wood,"arm","3/4 birch ply, 1-1/2 x 14.75, round back end",2,"glued to 1-1/2 square; 1/2 in hole at the round's centre, 10.5 mm hole for the boss bolt"
wood,"stop post","3/4 birch ply, 1-1/2 x 4",2,"glued to 1-1/2 square, screwed to the base"
wood,"V-block","hardwood 1-1/2 thick, 2.5 wide, 5.47 and 4.51 long",2,"a 90 degree V 1.25 wide along the top, cut as one block; screwed down after the first kerf, square to it, with a 1/2 in gap at the disc"
hardware,"pivot bolt","1/2-13 x 5-1/2 hex bolt, nylock nut",1,"through both cheeks and the arm; snug the nut until the arm has no side play and still falls under its own weight"
hardware,"washer","1/2 SAE flat washer",4,"one under the head, one under the nut, one each side of the arm"
hardware,"boss bolt","M10 x 1.5 x 50 hex bolt (confirm the thread in the boss; 3/8-16 if not metric), washer",1,"down through the arm into the grinder's top side-handle boss, about 10 mm of thread engaged; 60 long if the boss is threaded deeper than 20"
hardware,"hose clamp","stainless, 2-1/2 to 4 in",2,"joined into one loop round the arm and the motor body, 130 mm ahead of the spindle"
hardware,"stop bolt","1/4-20 x 2-1/2 hex bolt, 2 nuts",1,"threaded into the post's top (a tee nut, or tapped into hardwood), its head under the arm, locked with a jam nut"
hardware,"return spring","screen-door spring or a short bungee",1,"from the arm's front to a screw in the base's back edge, enough to lift the head off the work"
hardware,"disc","4-1/2 x 0.040 x 7/8 metal cut-off, Type 1, rated 13,300 rpm",5,"11,000 rpm grinder; reset the stop bolt as the disc wears"
hardware,"clamps","F-clamps or quick-grips",2,"the base to the bench through its front corners"
